Artist,title,Acousticness,Tempo,Danceability,Energy,Instrumentalness,Speechiness
ABBA,Put On Your White Sombrero,0.31723,82.06,0.444035,0.69297,0.000076,0.02787
ABBA,I Do I Do I Do I Do I Do,0.13912,110.243,0.451532,0.766632,0.000002,0.031369
ABBA,Öh vilka tider,0.639611,133.434,0.718856,0.65325,0,0.032489
ABBA,Eagle,0.000464,78.914,0.372408,0.715011,0.000234,0.0352
ABBA,I Am The City,0.18326,133.927,0.770716,0.858818,0.00166,0.033598
ABBA,Waterloo,0.267419,137.289,0.361021,0.889487,0.000005,0.114109ABBA,Ring Ring,0.001669,132.375,0.336416,0.708847,0,0.049718
ABBA,Hole In Your Soul,0.058518,154.945,0.403579,0.737142,0.025155,0.07732
ABBA,On And On And On,0.252843,128.025,0.706084,0.917833,0.054223,0.027682
ABBA,Fernando (Spanish Version),0.454045,108.386,0.354758,0.55196,0,0.030483
ABBA,Thank You For The Music (Doris Day Mix),0.684631,98.897,0.66092,0.439614,0,0.027473
ABBA,King Kong Song,0.333242,154.47,0.510251,0.878179,0.000004,0.03935
ABBA,The Name Of The Game / Eagle,0.095684,80.025,0.414223,0.911491,0.003257,0.040803
ABBA,Dancing Queen,0.054645,107.586,0.418813,0.938933,0.000643,0.339369
ABBA,I Saw It In The Mirror,0.453678,108.892,0.751334,0.351895,0,0.034588
Opeth,White Cluster,0.000052,128.231,0.294368,0.947124,0.08395,0.139509
Opeth,White Cluster,0.000052,128.231,0.294368,0.947124,0.08395,0.139509
Opeth,Marrow Of The Earth,0.985323,80.106,0.631296,0.042632,0.908113,0.040001
Opeth,April Ethereal,0.000014,94.734,0.19058,0.963244,0.571268,0.095561
Opeth,Into the Frost of Winter,0.015326,139.009,0.188946,0.87222,0.063203,0.078197
Opeth,Cusp Of Eternity,0.00002,115.019,0.463766,0.926331,0.753756,0.048723
Opeth,Blackwater Park (live),0.001514,91.096,0.180909,0.831297,0.320157,0.052096
Opeth,Wreath,0.000055,101.13,0.423826,0.980913,0.724746,0.05527
Opeth,The Apostle in Triumph,0.001054,105.929,0.293419,0.835295,0.305711,0.05545
Opeth,Deliverance,0.000283,99.006,0.324551,0.973062,0.703373,0.044971
Opeth,The Drapery Falls,0.000325,190.024,0.099527,0.826037,0.223683,0.064353
Opeth,In The Mist She Was Standing,0.000142,141.252,0.190458,0.959238,0.235989,0.206939
Opeth,Windowpane (Live),0.046798,78.027,0.226914,0.510155,0.385013,0.036917
Opeth,Deliverance (Live),0.000182,104.644,0.274812,0.931192,0.600874,0.054504
Opeth,Prologue,0.781012,149.437,0.203778,0.878313,0.703502,0.058615
Opeth,The Throat Of Winter,0.210715,135.051,0.410492,0.400397,0.197316,0.034638
Dimmu Borgir,Heavenly perverse,0.000016,97.032,0.116964,0.950275,0.785816,0.099235
Dimmu Borgir,The Fallen Arises,0.01777,119.967,0.404837,0.466621,0.854696,0.036816
Dimmu Borgir,The Serpentine Offering,0.000012,96.61,0.120321,0.943987,0.170308,0.087815
Dimmu Borgir,For the world to dictate our death,0.000007,130.338,0.196185,0.966762,0.087327,0.106523
Dimmu Borgir,A Succubus In Rapture,0.001911,107.879,0.157294,0.712486,0.737445,0.043769
Dimmu Borgir,Eradication instincts defined,0.000528,93.595,0.248511,0.883834,0.684165,0.077896
Dimmu Borgir,Eradication Instincts Defined,0.000534,105.222,0.204332,0.92292,0.319333,0.089283
Dimmu Borgir,Reptile,0.000134,122.672,0.17117,0.922359,0.016137,0.086981
Dimmu Borgir,Blessing Upon The Throne Of Tyranny,0.000003,95.651,0.26283,0.977595,0.699905,0.094264
Dimmu Borgir,A succubus in rapture,0.003552,131.252,0.164113,0.729211,0.888726,0.044753
a-ha,Barely Hanging On,0.012937,121.924,0.525276,0.557662,0.000038,0.029853
a-ha,Foot Of The Mountain,0.215518,129.973,0.584306,0.824521,0.001832,0.036082
a-ha,Lifelines,0.001504,80.215,0.445262,0.826134,0.001822,0.040213
a-ha,Sa Blaser Det Pa Jorden,0.433642,115.641,0.497201,0.419236,0.000078,0.032232
a-ha,Analogue,0.027631,114.998,0.55587,0.941739,0.014165,0.069384
a-ha,Hunting High And Low,0.226241,116.949,0.540081,0.596124,0.000007,0.037277
a-ha,Love Is Reason,0.075411,128.784,0.681697,0.581828,0.0001,0.043643
a-ha,Take On Me,0.048718,167.981,0.668669,0.732503,0.000423,0.048568
a-ha,The Fine Blue Line,0.486942,90.057,0.455538,0.447394,0.010789,0.026244
a-ha,October,0.002281,105.343,0.898583,0.314823,0.504582,0.040128
Nightwish,Cadence of Her Last Breath,0.000698,101.991,0.506751,0.881646,0.000106,0.069876
Nightwish,Astral Romance (Remastered),0.000366,140.511,0.438083,0.914726,0.165607,0.043938
Nightwish,Song Of Myself,0.185768,76.879,0.35501,0.682666,0.608489,0.040519
Nightwish,A Crackling Phere,0.283473,114.985,0.559448,0.51574,0.896867,0.049163
Nightwish,10th Man Down (Live at Summer Breeze Open Air),0.001821,126.033,0.465997,0.978065,0.000072,0.083633
Nightwish,Ghost River,0.00329,72.002,0.478632,0.899454,0.919252,0.044845
Nightwish,Turn Loose The Mermaids (Instrumental),0.690644,110.008,0.546501,0.395328,0.839822,0.02631
Nightwish,The Greatest Show on Earth,0.014373,136.021,0.239027,0.605241,0.020139,0.057677
Nightwish,Bless The Child (Edit),0.000513,121.921,0.54519,0.870848,0.014974,0.052302
Nightwish,Sacrament Of Wilderness (Live at Pakkahuone),0.000664,145.426,0.254955,0.956919,0.00061,0.291361
Nightwish,Storytime (Radio Edit),0.004849,156.185,0.479584,0.974948,0.000604,0.07116
Nightwish,Swanheart,0.076269,130.615,0.327126,0.39335,0.000006,0.029974
Apocalyptica,Stormy Wagner,0.036971,110.116,0.369666,0.754239,0.771689,0.05128
Apocalyptica, Главная тема,0.002616,120.029,0.555538,0.811364,0.725789,0.030011
Apocalyptica,Betrayal,0.000034,120.498,0.27715,0.892047,0.764044,0.091792
Apocalyptica,Resurrection,0.000009,97.941,0.440045,0.892889,0.836481,0.052099
Apocalyptica,Grace,0.004542,134.992,0.44952,0.884632,0.805154,0.116632
Apocalyptica,Leave Me Alone,0.018704,112.008,0.654206,0.423911,0.855358,0.039862
Apocalyptica,South Of Heaven & Mandatory Suicide,0.058727,144.013,0.298333,0.462357,0.792036,0.031738
Apocalyptica,Ion,0.000493,91.053,0.468754,0.943076,0.696953,0.053434
Apocalyptica,Heat,0.000076,125.005,0.402025,0.782137,0.703526,0.046536
Apocalyptica,Inquisition Symphony (Instrumental Live Version),0.064742,107.576,0.261114,0.713012,0.753297,0.043687
Apocalyptica,I Don't Care,0.033824,91.017,0.505196,0.28046,0.000003,0.027988
Apocalyptica,Epilogue (relief),0.85587,92.896,0.112081,0.323423,0.857967,0.035028
Apocalyptica,HALL OF THE MOUNTAIN KING (LIVE AT WACKEN 2014),0.013922,107.484,0.304071,0.863197,0.556761,0.139709
Apocalyptica,Oh Holy Night,0.792558,78.217,0.115048,0.19079,0.871561,0.038818
Mew,Saliva,0.042559,126.996,0.730079,0.651598,0,0.03256
Mew,Hawaii Dream,0.298822,129.613,0.335459,0.50261,0.740879,0.040771
Mew,Louise Louisa,0.020406,105.849,	0.306455,0.24634,0.000147,0.033699
Mew,Snow Brigade,0.000572,123.735,0.564249,0.833781,0.000142,0.036976
Mew,Satellites,0.799052,119.942,0.3496,0.388275,0.035898,0.040331
Mew,The Zookeepers Boy,0.662049,126.959,0.354562,0.423375,0,0.033775
Mew,Comforting Sounds,0.633718,159.951,0.30004,0.347974,0.253085,0.033053
Mew,White Lips Kissed,0.217398,124.2,0.420356,0.468307,0.000033,0.033231
Mew,The Forming of Mew,0.910672,81.957,0.485166,0.486528,0,0.451029
Mew,An Envoy To The Open Fields,0.001832,105.985,0.562101,0.726611,0.000024,0.026989
Mew,An Envoy To The Open Fields,0.000534,105.882,0.614362,0.746218,0.020383,0.029182
Mew,Saliva Mica Panda,0.932848,127.948,0.370486,0.19346,0.000001,0.031694
Mew,Clinging To A Bad Dream,0.030954,83.267,0.293606,0.483275,0.753845,0.03996
Mew,Half The World Is Watching Me,0.398125,121.607,0.4957,0.369129,0.132579,0.032001
Mew,Web,0.004415,99.899,0.341831,0.869555,0.51362,0.030916
King Diamond,The Accusation Chair,0.026629,138.489,0.32815,0.947575,0.685519,0.076752
King Diamond,The Family Ghost,0.012669,115.098,0.220565,0.994347,0.1628,0.262519
King Diamond,Up From The Grave,0.249162,108.007,0.530872,0.447671,0.00722,0.02798
King Diamond,The Ritual,0.008166,187.671,0.238464,0.931468,0.001956,0.074635
King Diamond,Victimized,0.030144,92.846,0.252256,0.971512,0.3076,0.054884
King Diamond,Slippery Stairs,0.001054,66.276,0.31343,0.950343,0.02779,0.07448
King Diamond,Six Feet Under,0.000309,196.2,0.337694,0.945147,0.838298,0.057708
King Diamond,The Trial,0.019121,102.082,0.498098,0.875898,0.286195,0.046675
King Diamond,Eastmann's Cure,0.000197,118.641,0.499319,0.962444,0.749653,0.051018
King Diamond,The Cellar,0.000192,129.964,0.335209,0.879465,0.013837,0.035567
King Diamond,The Family Ghost,0.003929,109.787,0.269941,0.962818,0.182112,0.171373
King Diamond,One Down Two To Go,0.001819,89.002,0.426946,0.807589,0.000001,0.0451
King Diamond,I Am,0.005355,122.574,0.262123,0.695972,0.004689,0.036527
King Diamond,The Storm,0.001123,88.687,0.445557,0.949701,0.083614,0.06548
King Diamond,The Possession,0.000138,135.878,0.224727,0.891443,0.571786,0.060633
Volbeat,Radio Girl,0.000002,112.67,0.483148,0.988618,0.792826,0.056068
Volbeat,Evelyn,0.000074,139.009,0.248594,0.945699,0.023855,0.077366
Volbeat,Who They Are,0.000014,108.334,0.363715,0.960007,0.005181,0.090575
Volbeat,Room 24,0.000008,79.376,0.203252,0.951647,0.007214,0.103746
Volbeat,The Mirror And The Ripper,0.000264,127.386,0.218015,0.946073,0.013945,0.12809
Volbeat,7 Shots,0.000038,149.056,0.164375,0.944075,0.002724,0.170713
Volbeat,Maybellene i Hofteholder,0.004533,94.191,0.250183,0.9428,0.000003,0.070846
Volbeat,Something Else Or,0.000141,135.871,0.344512,0.939989,0.000276,0.074106
Volbeat,A New Day,0.000779,83.029,0.399258,0.734487,0.000021,0.063824
Volbeat,Say Your Number,0.000003,118.664,0.30013,0.980148,0.033459,0.108719
Volbeat,The Nameless One,0.000042,118.142,0.334058,0.666526,0.000001,0.039993
Volbeat,I'm So Lonesome I Could Cry,0.010403,117.937,0.352949,0.88909,0,0.12308
Volbeat,Rebel Angel,0.00026,111.933,0.553867,0.876333,0.000009,0.038392
Volbeat,Healing Subconsciously,0.000013,212.62,0.089566,0.974585,0.837454,0.235758
Volbeat,A Moment Forever,0.000011,143.855,0.539197,0.970391,0.128935,0.124861
The Raveonettes,Lust - Trentem√∏ller Remix,0.002833,123.004,0.656275,0.718822,0.70005,0.031662
The Raveonettes,You Want The Candy,0.000031,159.089,0.390008,0.901932,0.003433,0.054978
The Raveonettes,Veronica Fever,0.000246,121.078,0.426818,0.962653,0.953693,0.052718
The Raveonettes,Blush,0.000019,149.061,0.321719,0.877875,0.012033,0.047218
The Raveonettes,Ode To L.A,0.004383,121.017,0.407067,0.930734,0.052821,0.08413
The Raveonettes,Demons Fire,0.003915,92.016,0.356273,0.983406,0.934093,0.085123
The Raveonettes,Run Mascara Run,0.05418,105.572,0.245542,0.805934,0.00034,0.077855
The Raveonettes,Too Close to Heartbreak,0.001282,158.983,0.331234,0.98857,0.961147,0.077883
The Raveonettes,Wake Me Up,0.008773,95.462,0.438778,0.663685,0.000368,0.027409
The Raveonettes,My Heartbeat‚Äôs Dying (Bonus Track),0.000761,114.054,0.505824,0.960214,0,0.049999
The Raveonettes,Recharge & Revolt,0.036927,137.026,0.387673,0.563357,0.007685,0.033704
The Raveonettes,Uncertain Times,0.019708,127.794,0.437974,0.684724,0.114802,0.027866
The Raveonettes,Kill!,0.002833,103.473,0.476417,0.806866,0.115391,0.042455
The Raveonettes,You Hit Me (I'm Down),0.269094,120.926,0.509271,0.938834,0.484249,0.043255
Mercyful Fate,The Uninvited Guest,0.000017,129.556,0.530495,0.988428,0.096719,0.049948
Mercyful Fate,Come To The Sabbath,0.003925,133.859,0.261303,0.956971,0.229251,0.074298
Mercyful Fate,House On The Hill,0.000003,132.077,0.513896,0.784829,0.003059,0.057132
Mercyful Fate,Death Kiss,0.107151,150.691,0.286584,0.895002,0.121388,0.09652
Mercyful Fate,Come To The Sabbath,0.00239,133.818,0.256108,0.929043,0.478604,0.069201
Mercyful Fate,Curse Of The Pharaohs,0.000306,137.46,0.299914,0.874851,0.129301,0.085536
Mercyful Fate,Black Funeral,0.01096,142.45,0.268203,0.976988,0.650645,0.116834
Mercyful Fate,Dead Again,0.002725,104.909,0.34555,0.843752,0.000616,0.064031
Mercyful Fate,The Lady Who Cries,0.001812,117.937,0.469607,0.870416,0.196688,0.044134
Mercyful Fate,Shadows,0.001044,132.685,0.350564,0.950627,0.289274,0.070474
Mercyful Fate,Kutulu,0.000091,94.044,0.262349,0.8916,0.020142,0.047304
Mercyful Fate,Banshee,0.006404,134.162,0.537773,0.888953,0.000017,0.032925
Mercyful Fate,Welcome Princes Of Hell,0.011413,145.882,0.381336,0.906287,0.696144,0.055368
Mercyful Fate,Return of The Vampire,0.020287,125.334,0.396178,0.523437,0.085207,0.041568
Kraftwerk,Kraftwerk,0.565508,123.457,0.530001,0.576733,0.930989,0.051781	
Kraftwerk,Musique Non Stop,0.004467,108.167,0.792573,0.813178,0.388138,0.143321	
Kraftwerk,Expo 2000,0.948004,182.155,0.572027,0.261261,0.565974,0.063483
Kraftwerk,Die Mensch-Maschine,0.05567,90.024,0.738876,0.499025,0.865829,0.077222	
Kraftwerk,Prologue,0.989348,104.077,0.169304,0.00022,0.94396,0.04153	
Kraftwerk,Nachrichten,0.475472,79.286,0.491862,0.269474,0.866067,0.378919	
Kraftwerk,Planet Of Visions,0.023811,133.266,0.619538,0.847543,0.823347,0.049537
Kraftwerk,Expo 2000,0.621187,182.044,0.678542,0.520461,0.739282,0.066568	
Kraftwerk,Neon Lights,0.241317,104.286,0.601874,0.779086,0.838316,0.026028	
Kraftwerk,Vitamin,0.691457,90.962,0.657742,0.541662,0.93613,0.063836
Kraftwerk,Expo 2000,0.008314,157.581,0.754138,0.505417,0.896606,0.138964	
Kraftwerk,Chrono,0.455819,140.047,0.618072,0.893383,0.924616,0.043886	
Kraftwerk,Die Roboter.,0.044609,114.934,0.806329,0.437723,0.540416,0.101564	
Kraftwerk,Kraftwerk,0.71668,84.001,0.747255,0.624385,0.887741,0.091474	
Kraftwerk,Taschenrechner,0.417213,135.815,0.820892,0.361147,0.808778,0.076943
Rammstein,Seemann,0.004634,140.137,0.596947,0.69316,0.006125,0.059212
Rammstein,Du Riechst So Gut,0.000186,111.975,0.537469,0.863799,0.243414,0.043473
Rammstein,Mutter,0.013603,116.166,0.466637,0.620466,0.000474,0.035039
Rammstein,Fuhre Mich,0.00024,156.029,0.509381,0.49411,0.229898,0.026725
Rammstein,Buck Dich,0.00028,149.986,0.368981,0.854694,0.371529,0.092664
Rammstein,Asche Zu Asche,0.002399,84.985,0.608127,0.884139,0.066019,0.070872
Rammstein,Du Riechst So Gut,0.000285,123.039,0.581232,0.931633,0.436807,0.065362
Rammstein,MEIN LAND,0.008649,176.011,0.451765,0.921275,0.860591,0.041804
Rammstein,ICH TU DIR WEH,0.001451,122.664,0.637955,0.793136,0.05278,0.039864
Rammstein,Wilder Wein,0.103695,75.024,0.400352,0.758102,0.007205,0.128207
Scorpions,Fly To The Rainbow,0.096861,138.101,0.28893,0.609693,0.042179,0.03902
Scorpions,Humanity,0.001916,179.242,0.211234,0.560032,0.000863,0.038902
Scorpions,Rip It Up,0.193649,92.496,0.495543,0.803126,0.000016,0.048958
Scorpions,Loving You Sunday Morning,0.000108,135.159,0.344336,0.990993,0.013359,0.183645
Scorpions,When You Came into My Life,0.050841,125.966,0.629742,0.656175,0.001575,0.030197
Scorpions,The Zoo,0.002875,102,0.636935,0.808296,0.005316,0.037321
Scorpions,Get Your Love,0.04689,112.446,0.415806,0.593592,0.00002,0.027932
Scorpions,He is A Woman She is A Man,0.014048,166.835,0.225685,0.823863,0.000448,0.167412
Scorpions,Children Of The Revolution,0.000401,131.955,0.434547,0.903654,0.056925,0.062391
Scorpions,This Is My Song,0.002101,135.808,0.361779,0.750823,0.236324,0.100888
Scorpions,Your Light,0.374371,112.945,0.49438,0.437552,0.037344,0.042679
Scorpions,Robot Man,0.000571,98.442,0.582958,0.501667,0.132423,0.057137
Scorpions,Dancing with the Moonlight,0.000705,161.03,0.50796,0.894588,0.001631,0.08499
Scorpions,In Trance,0.148509,136.02,0.449866,0.783183,0,0.043017
Markus Schulz,Digital Madness,0.006807,132.032,0.310885,0.844956,0.865219,0.095898
Markus Schulz,Without You Near,0.001332,133.994,0.614421,0.568464,0.007016,0.028658
Markus Schulz,Apollo,0.000287,128,0.681033,0.639052,0.811297,0.043071
Markus Schulz,The New World,0.011662,135.99,0.532095,0.808178,0.786862,0.034875
Markus Schulz,Never Be The Same Again,0.012779,135.813,0.521891,0.837862,0.683122,0.041176
Markus Schulz,Red Eye To Miami,0.058711,125.046,0.670834,0.956658,0.923461,0.106894
Markus Schulz,Daybreak,0.001677,127.995,0.655251,0.820565,0.854871,0.055346
Markus Schulz,Revolution,0.001473,127.852,0.412525,0.865649,0,0.050591
Markus Schulz,Finish Line,0.042169,130.013,0.479289,0.849095,0.150119,0.048725
Markus Schulz,Largo,0.001709,130.008,0.562878,0.899265,0.777146,0.036175
Markus Schulz,Destiny,0.002582,129.987,0.581663,0.796131,0.050948,0.046553
Markus Schulz,Largo,0.000499,132.641,0.526672,0.980676,0.009329,0.09101
Markus Schulz,Never Let You Go,0.087839,124.917,0.826781,0.75781,0.675799,0.098907
Markus Schulz,Gotham Serenade,0.029821,134.763,0.529504,0.8256,0.163515,0.199101
Markus Schulz,Not The Same,0.000322,131.985,0.619298,0.799427,0.558402,0.041746
Röyksopp,Röyksopp Late Night Tales Continuous Mix,0.646661,83.801,0.292518,0.447396,0.064926,0.075481
Röyksopp,Running to the Sea feat Susanne Sundf√∏r,0.00014,123.005,0.58581,0.52079,0.93662,0.037607
Röyksopp,I Had This Thing,0.165793,99.384,0.726752,0.283988,0,0.843923
Röyksopp,Beautiful day without you,0.001922,121.983,0.769905,0.646481,0.905109,0.072919
Röyksopp,Running To The Sea,0.444385,109.228,0.685713,0.240679,0.000001,0.943443
Röyksopp,Bounty Hunters,0.000174,120.018,0.58699,0.925099,0.756192,0.035912
Röyksopp,Tristesse Globale,0.931467,76.655,0.429036,0.150977,0.928191,0.033895
Röyksopp,Here She Comes Again,0.256897,137.223,0.667772,0.135411,0.00003,0.539947Emperor,Wrath Of The Tyrant,0.000004,157.427,0.154183,0.979739,0.314095,0.093255
Emperor,Introduction,0.518512,93.115,0.224759,0.513343,0.902789,0.039866
Emperor,Dancehall Love Affair,0.207364,98.973,0.845263,0.637075,0.600506,0.090291
Emperor,Depraved,0.000003,119.793,0.171686,0.969849,0.819454,0.103351
Emperor,The Burning Shadows of Silence Medley,0.000007,175.453,0.075097,0.962988,0.952641,0.105072
Emperor,That's My Mind,0.035955,141.863,0.811017,0.785473,0.950478,0.054342
Emperor,Cosmic Keys To My Creations & Times,0.000012,152.394,0.112312,0.995267,0.680972,0.10017
Emperor,Overdose,0.010361,127.996,0.882718,0.693862,0.86017,0.099988
Emperor,instramental,0.004199,188.152,0.646179,0.707425,0.886724,0.223355
Emperor,Sworn,0.000002,170.896,0.076918,0.947615,0.889823,0.115397
Emperor,Neptune,0.005743,140.031,0.696501,0.452434,0.873324,0.042136
Emperor,Chasing The Moon,0.463014,119.953,0.821438,0.55902,0.229264,0.102215
Emperor,Inno a Satana,0.000013,121.262,0.170269,0.954112,0.381107,0.107079
Emperor,Funeral Fog,0.000002,180.02,0.069867,0.91354,0.910744,0.080201
Emperor,No Panic,0.000606,126.007,0.783373,0.782361,0.87088,0.049043Kings of Convenience,Deilig Er Jorden,0.563862,101.243,0.314054,0.099799,0.00003,0.034708
Kings of Convenience,Know-How,0.601205,160.133,0.622852,0.574236,0.303554,0.033392
Kings of Convenience,The Passenger,0.886942,86.999,0.840299,0.147467,0.878582,0.055463
Kings of Convenience,Know How,0.810728,159.935,0.688444,0.522598,0.164136,0.041885
Kings of Convenience,Envoy,0.943169,79.737,0.219241,0.230798,0.808735,0.036712
Kings of Convenience,I'd Rather Dance With You,0.082322,141.964,0.802348,0.826399,0.023498,0.035834
Kings of Convenience,Gold In The Air Of Summer,0.506828,145.426,0.515816,0.403932,0.000997,0.033447
Kings of Convenience,Cayman Islands,0.846713,86.229,0.578419,0.094752,0.19467,0.034777
Kings of Convenience,Gold For The Price Of Silver,0.074071,171.967,0.660979,0.487045,0.868097,0.045521
Kings of Convenience,Summer On The West Hill,0.964858,130.096,0.557844,0.163722,0.805719,0.034455
Kings of Convenience,Cayman Islands,0.814117,174.582,0.413308,0.343391,0.335933,0.035485
Kings of Convenience,Leaning Against The Wall,0.522565,143.897,0.782627,0.445145,0.749658,0.069525
Kings of Convenience,Surprise Ice,0.799224,115.204,0.648818,0.26786,0.042227,0.033297
Kings of Convenience,Sorry Or Please,0.082298,146.008,0.710704,0.517333,0.023117,0.029326
Kings of Convenience,Leaning Against The Wall,0.146897,140.014,0.704003,0.782467,0.243117,0.028089
Amorphis,God Of Deception,0.000168,139.116,0.430602,0.911189,0.012011,0.039952
Amorphis,Exile Of The Sons Of Uisliu,0.000008,135.021,0.388022,0.921832,0.842961,0.051872
Amorphis,A Servant,0.000004,75.202,0.067352,0.905934,0.865355,0.070805
Amorphis,Ethereal Solitude,0.000536,124.047,0.585363,0.493498,0.059982,0.027614
Amorphis,Privilege of Evil,0.068343,82.639,0.143645,0.974188,0.929615,0.148792
Amorphis,Black Embrace,0.000259,79.048,0.138495,0.97089,0.751201,0.15459
Amorphis,Withered,0.000006,133.023,0.215752,0.840726,0.78596,0.041522
Amorphis,On A Stranded Shore,0.00004,128.047,0.450489,0.846186,0.000923,0.037705
Amorphis,The Sign from the North Side,0.000106,185.684,0.161022,0.906417,0.844586,0.099208
Amorphis,Better Unborn,0.000238,104.789,0.270236,0.92803,0.167757,0.036147
Amorphis,Winter's Sleep - Bonus Track,0.000045,177.135,0.132402,0.893092,0.002749,0.041631
Amorphis,Morning Star,0.0001,95.641,0.33484,0.966218,0.22682,0.06494
Amorphis,Dead Man's Dream,0.000006,106.038,0.394348,0.906609,0.796812,0.053851
Amorphis,Beginning Of Time,0.000039,130.004,0.383417,0.747551,0.891501,0.038717
Amorphis,Black Winter's Day (Live),0.000005,80.278,0.074406,0.589371,0.549649,0.062447
Stratovarius,Father Time,0.000021,81.998,0.175767,0.944777,0.796927,0.117817
Stratovarius,Future Shock,0.000135,144.267,0.280319,0.977444,0.009233,0.257509
Stratovarius,Madness Strikes At Midnight,0.00825,95.428,0.51563,0.844237,0.000159,0.040682
Stratovarius,The Game Never Ends,0.000022,102.504,0.556478,0.891791,0.002371,0.042467
Stratovarius,Feeding the Fire,0.000029,198,0.335162,0.97319,0.001252,0.090103
Stratovarius,030366,0.011038,124.848,0.733482,0.509003,0.252127,0.086815
Stratovarius,Coming Home,0.001643,143.683,0.195429,0.822167,0.143508,0.042753
Stratovarius,Darkest Hours,0.000083,90.979,0.305524,0.957112,0.577745,0.07947
Stratovarius,Intro,0.004597,78.716,0.074398,0.551903,0.018967,0.039486
Stratovarius,KILL IT WITH FIRE,0.000185,120.022,0.526385,0.977461,0.031965,0.062803
Stratovarius,Move the Mountain,0.00818,148.031,0.440522,0.554996,0.00016,0.027151
Stratovarius,Lifetime In A Moment,0.001391,83.995,0.478393,0.620543,0.00325,0.027743
Stratovarius,Black Diamond,0.000093,160.114,0.26144,0.958198,0.478127,0.115263
Stratovarius,Deep Unknown,0.000019,104.671,0.315074,0.975163,0.901213,0.090236
Stratovarius,A Million Light Years Away,0.000018,134.985,0.430028,0.932351,0.073716,0.037328
Children of Bodom,All for Nothing,0.000313,75.023,0.376286,0.799243,0.000105,0.039302
Children of Bodom,Transference,0.811976,89.005,0.633735,0.064015,0,0.819376
Children of Bodom,Pussyfoot Miss Suicide,0.00001,104.995,0.462451,0.980588,0.696685,0.083205
Children of Bodom,Waste of Skin,0.000033,95.936,0.410359,0.938548,0.197632,0.089681
Children of Bodom,Silent Night Bodom Night,0.000008,126.003,0.21222,0.98167,0.800133,0.076103
Children of Bodom,Towards Dead End,0.000193,107.995,0.192471,0.952786,0.900811,0.059254
Children of Bodom,Everytime I Die,0.000033,97.323,0.220851,0.827343,0.592104,0.050785
Children of Bodom,Tie My Rope,0.000015,132.001,0.462097,0.945281,0.590697,0.139097
Children of Bodom,Wrath Within,0.000091,87.55,0.4318,0.96182,0.622466,0.064965
Children of Bodom,Downfall,0.000003,96.723,0.264958,0.922944,0.521038,0.037129
Children of Bodom,Clash of the Booze Brothers,0.41011,73.057,0.104394,0.749525,0.638724,0.070689
Children of Bodom,Hellhounds on My Trail,0.000023,103.008,0.44388,0.806498,0.735582,0.059077
Children of Bodom,Deadbeats I,0.000054,81.462,0.294424,0.960658,0.782226,0.254336
Children of Bodom,War Inside My Head,0.000052,196.04,0.363562,0.984981,0.13091,0.189457
Children of Bodom,Nothern Comfort,0.000281,92.027,0.388156,0.995097,0.184828,0.105133
Johann Sebastian Bach,Lobe den Herrn meine Seele,0.974593,166.84,0.269044,0.092149,0.000002,0.045963
Johann Sebastian Bach,Flute Sonata in C Major,0.068223,170.651,0.229414,0.156328,0.829941,0.042251
Johann Sebastian Bach,Christmas Oratorio,0.986443,100.159,0.505329,0.27738,0.037536,0.034628
Johann Sebastian Bach,Prelude in E minor,0.994708,130.058,0.439762,0.205236,0.888594,0.051433
Johann Sebastian Bach,Markus-Passion,0.904192,103.35,0.537935,0.225803,0,0.123499
Johann Sebastian Bach,Suite for lute in G Minor,0.991918,159.377,0.389314,0.124748,0.924788,0.045457
Johann Sebastian Bach,Nun komm der heiden Heiland,0.994634,72.076,0.432097,0.117464,0.920667,0.049191
Johann Sebastian Bach,Ouverture in French Style in B Minor,0.920689,104.33,0.268558,0.407492,0.0155,0.030072
Johann Sebastian Bach,Mer hahn en neue Oberkeet,0.975953,83.973,0.307433,0.052746,0.824094,0.034668
Johann Sebastian Bach,Cello Suite No. 5 in C Minor,0.978438,82.332,0.307654,0.038064,0.8237,0.051134
Johann Sebastian Bach,Goldberg Variations,0.99169,108.199,0.383049,0.332758,0.874443,0.033169
Johann Sebastian Bach,Ach Herr mich armen,0.984188,99.981,0.316161,0.094155,0.001984,0.05122
Pink Floyd,Crumbling Land,0.061705,113.174,0.347044,0.436798,0.00086,0.033279
Pink Floyd,It's What We Do,0.545207,144.668,0.300452,0.337048,0.695478,0.033529
Pink Floyd,Terminal Frost,0.009104,85.672,0.418854,0.645507,0.845706,0.027141
Pink Floyd,HEY YOU,0.182482,118.616,0.342353,0.185308,0.022663,0.03404
Pink Floyd,TBS9,0.270362,131.065,0.222764,0.129859,0.029137,0.034646
The Beatles,Chains,0.227147,133.95,0.561435,0.932518,0,0.04323
The Beatles,THE CONTINUING STORY OF BUNGALOW BILL,0.662455,115.03,0.691662,0.173342,0.859021,0.058353
The Beatles,Former Beatle Pete Best's Mother,0.99502,230.484,0.339801,0.394186,0.010836,0.950584
The Beatles,Old Brown Shoe,0.042,142.982,0.406282,0.759583,0.747506,0.040167
The Beatles,Wellington To DJ Bob Rogers,0.847457,111.687,0.712972,0.261668,0,0.89203
Black Sabbath,1-05 Evil Woman,0.466082,137.214,0.468261,0.497559,0.833233,0.028389
Black Sabbath,Sphinx,0.623903,89.565,0.145285,0.0134,0.866801,0.045189
Black Sabbath,Evil Woman,0.001024,134.513,0.507165,0.52381,0.006749,0.030608
Black Sabbath,Weevil Woman '71,0.207013,150.442,0.479539,0.591122,0,0.038641
Black Sabbath,Children of the Grave,0.135285,78.394,0.253895,0.977551,0.791741,0.11054
Radiohead,Prove Yourself,0.039834,109.919,0.324917,0.567517,0.009423,0.034944
Radiohead,Lotus Flower,0.008404,132.991,0.789978,0.483689,0.708315,0.046695
Radiohead,014_Track 14,0.478918,80.035,0.251237,0.347252,0.709906,0.041429
Radiohead,Exit Music,0.270622,116.527,0.373659,0.108439,0.024993,0.034308
Radiohead,Killer Cars,0.000154,175.594,0.213103,0.917504,0.609892,0.062815
Radiohead,Thinking About You,0.007587,120.345,0.410017,0.877303,0.016166,0.047623
Radiohead,Sail To The Moon,0.982758,109.644,0.380765,0.024374,0.129163,0.036414
Radiohead,The Daily Mail,0.652081,116.845,0.360001,0.362181,0.000128,0.038544
Radiohead,Give Up the Ghost,0.299747,119.968,0.593799,0.890428,0.858122,0.110026
Led Zeppelin,Black Country Woman,0.655244,127.569,0.759479,0.815059,0.000012,0.05203
Led Zeppelin,Nobody's Fault But Mine,0.000147,92.893,0.186772,0.895655,0.775826,0.074698
Led Zeppelin,No Quarter,0.928428,138.399,0.392734,0.233537,0.95143,0.055756
Led Zeppelin,We're Gonna Groove,0.006717,120.784,0.313568,0.927555,0.223895,0.142658
Led Zeppelin,Immigrant Song,0.002879,119.189,0.282077,0.924764,0.000004,0.1335